<?xml version="1.0" encoding="UTF-8" standalone="yes"?>
<AssignMessage async="false" continueOnError="false" enabled="true" name="AM-SetHeaderParameters">
    <DisplayName>AM-SetHeaderParameters</DisplayName>
    <Properties/>
    <Copy source="request">
        <Headers/>
        <QueryParams/>
        <FormParams/>
        <Payload/>
        <Verb/>
        <StatusCode/>
        <ReasonPhrase/>
        <Path/>
    </Copy>
    <Remove>
        <Headers>
            <Header name="h1"/>
        </Headers>
        <QueryParams>
            <QueryParam name="q1"/>
        </QueryParams>
        <FormParams>
            <FormParam name="f1"/>
        </FormParams>
        <Payload/>
    </Remove>
    <Add>
        <Headers/>
        <QueryParams/>
        <FormParams/>
    </Add>
    <Set>
        <Headers>
            <Header name="authorization">Bearer {jwt.JWT-VerifyJWTAccessToken.claim.access_token}</Header>
        </Headers>
        <QueryParams/>
        <FormParams/>
        <!-- <Verb>GET</Verb> -->
        <Path/>
    </Set>
    <AssignVariable>
        <Name>name</Name>
        <Value/>
        <Ref/>
    </AssignVariable>
    <IgnoreUnresolvedVariables>true</IgnoreUnresolvedVariables>
    <AssignTo createNew="false" transport="https" type="request"/>
</AssignMessage>