<?xml version="1.0" encoding="UTF-8" standalone="yes"?>
<Quota async="false" continueOnError="false" enabled="true" name="CheckAPIQuota" type="calendar">
    <DisplayName>CheckAPIQuota</DisplayName>
    <Properties/>
    <Allow count="2000" countRef="OAuthV2.OA-verifyAccessToken.apiproduct.developer.quota.limit"/>
    <Interval ref="OAuthV2.OA-verifyAccessToken.apiproduct.developer.quota.interval">1</Interval>
    <TimeUnit ref="OAuthV2.OA-verifyAccessToken.apiproduct.developer.quota.timeunit">minute</TimeUnit>
    <Distributed>false</Distributed>
    <Synchronous>false</Synchronous>
    <StartTime>2020-9-1 12:00:00</StartTime>
    <AsynchronousConfiguration>
        <SyncIntervalInSeconds>20</SyncIntervalInSeconds>
        <SyncMessageCount>5</SyncMessageCount>
    </AsynchronousConfiguration>
    <Identifier ref="OAuthV2.OA-verifyAccessToken.client_id"/>
</Quota>