<?xml version="1.0" encoding="UTF-8" standalone="yes"?>
<Manifest name="manifest">
    <Policies>
        <VersionInfo resourceName="OA-InvalidateToken" version="SHA-512:a719f0b7e6bc4b93b36945be27df3f170f0ff394a5ff7b8ab633052a8ac4d109a94fa3b9941474b318da473ddb5ceb4a4cf19eaa7a5f0e846462a1bf46885114"/>
        <VersionInfo resourceName="OA-VerifyAccessToken" version="SHA-512:ac85c281972736760e70ab65fc25139a7757a7a70e80595f085ba1e8c2d0f5988e16d41849c9c70dbe370d9f7772d0a166c57a6c061fdf692298810f5f994f05"/>
        <VersionInfo resourceName="RE-DefaultContentBasedAttacks" version="SHA-512:fb1174039e2dbcd806a2f2ae5b63d5b418b8968e476122d56570fa9d5ba37e3b8524ba508a0f6cb21c23aeb4068d7adc0a1101e39c35f39fc9dfd67db84d4637"/>
        <VersionInfo resourceName="SA-RequestThrottle" version="SHA-512:e1f8bdc0f573f6def839bd348893cc6b82cd29207802794760d20b655dac554d865d3d9e7d8f34273420379064c007f4a8dfd98823ab9a4335cf9e250e3c75c8"/>
    </Policies>
    <ProxyEndpoints/>
    <Resources/>
    <SharedFlows>
        <VersionInfo resourceName="default" version="SHA-512:f8035eb746d9cfafb6652c1e11ec94dba8fb967d599a592b167cc5b68c713900dc5e9f06acfc22094f56f566eea292df1b67ddbe066e7491063eb590988d9330"/>
    </SharedFlows>
    <TargetEndpoints/>
</Manifest>
