<?xml version="1.0" encoding="UTF-8" standalone="yes"?>
<SharedFlowBundle revision="2" name="Security">
    <ConfigurationVersion majorVersion="4" minorVersion="0"/>
    <CreatedAt>1597047613999</CreatedAt>
    <CreatedBy>wipro_rdirisam@nse.co.in</CreatedBy>
    <Description>API Security, It is used secure APIs from Authorization, Throttling and content-based attacks</Description>
    <DisplayName>Security</DisplayName>
    <LastModifiedAt>1597047613999</LastModifiedAt>
    <LastModifiedBy>wipro_rdirisam@nse.co.in</LastModifiedBy>
    <ManifestVersion>SHA-512:cac903eb68a7998899b125bc7c0da0451a824148f49cfed836d1482a350f82e93726384d11868ebf8f3027011cfdb664fca810b5418ea038b81555f53853459c</ManifestVersion>
    <Policies>
        <Policy>OA-InvalidateToken</Policy>
        <Policy>OA-VerifyAccessToken</Policy>
        <Policy>RE-DefaultContentBasedAttacks</Policy>
        <Policy>SA-RequestThrottle</Policy>
    </Policies>
    <Resources/>
    <Spec></Spec>
    <subType>SharedFlow</subType>
    <SharedFlows>
        <SharedFlow>default</SharedFlow>
    </SharedFlows>
</SharedFlowBundle>
